{"cameraMode":{"drawMode":0,"name":"Shaded","section":"Shading Mode"},"sceneLighting":true,"audioPlay":false,"sceneViewState":{"showFog":true,"showMaterialUpdate":true,"showSkybox":true,"showFlares":true,"showImageEffects":true,"showParticleSystems":true},"in2DMode":false,"pivot":{"x":5.599660873413086,"y":-2.142232894897461,"z":4.467358112335205},"rotation":{"x":-0.1847751885652542,"y":-0.7286911606788635,"z":0.2161095142364502,"w":-0.6230356693267822},"size":35.0074348449707,"orthographic":false}